{
  "n": 10,
  "pos_rate": 0.3,
  "roc_auc": 0.9047619047619048,
  "pr_auc": 0.8666666666666667,
  "accuracy": 0.9,
  "precision": 1.0,
  "recall": 0.6666666666666666,
  "f1": 0.8,
  "logloss": 0.4237333692738325,
  "mae": 0.25855597930378393,
  "rmse": 0.3745318837466108,
  "confusion_matrix": {
    "tn": 7,
    "fp": 0,
    "fn": 1,
    "tp": 2
  },
  "threshold": 0.5
}