{
  "n": 9,
  "pos_rate": 0.3333333333333333,
  "roc_auc": 0.4444444444444444,
  "pr_auc": 0.5555555555555556,
  "accuracy": 0.6666666666666666,
  "precision": 0.5,
  "recall": 0.3333333333333333,
  "f1": 0.4,
  "logloss": 0.9665826717859173,
  "mae": 0.35023965018589,
  "rmse": 0.504552956032757,
  "confusion_matrix": {
    "tn": 5,
    "fp": 1,
    "fn": 2,
    "tp": 1
  },
  "threshold": 0.5
}